Mid,Platform,Title,URL
0,kkt,從前，有個好萊塢 | 線上看 | KKTV,https://www.kktv.me/titles/09000449
1,kkt,記憶拼圖：20週年數位修復 | 線上看 | KKTV,https://www.kktv.me/titles/09000787
2,kkt,星際救援 | 線上看 | KKTV,https://www.kktv.me/titles/09000596
3,kkt,父親 | 線上看 | KKTV,https://www.kktv.me/titles/09001264
4,kkt,最後一個平安夜 | 線上看 | KKTV,https://www.kktv.me/titles/09001430
5,kkt,綠騎士 | 線上看 | KKTV,https://www.kktv.me/titles/09001419
6,kkt,海邊的曼徹斯特 | 線上看 | KKTV,https://www.kktv.me/titles/09000559
7,kkt,超時空攔截 | 線上看 | KKTV,https://www.kktv.me/titles/09000524
8,kkt,在黑暗中說的鬼故事 | 線上看 | KKTV,https://www.kktv.me/titles/09000418
9,kkt,藍色恐懼 | 日劇線上看 | KKTV,https://www.kktv.me/titles/09000811
10,kkt,決戰中途島 | 線上看 | KKTV,https://www.kktv.me/titles/09001135
11,kkt,奇蹟男孩 | 線上看 | KKTV,https://www.kktv.me/titles/09000566
12,kkt,看見魔鬼 | 韓劇線上看 | KKTV,https://www.kktv.me/titles/09000438
13,kkt,愛在午夜希臘時 | 線上看 | KKTV,https://www.kktv.me/titles/09000527
14,kkt,殺手保鑣2 | 線上看 | KKTV,https://www.kktv.me/titles/09001366
15,kkt,漫漫回家路 | 線上看 | KKTV,https://www.kktv.me/titles/09000560
16,kkt,小偷家族 | 日劇線上看 | KKTV,https://www.kktv.me/titles/09000401
17,kkt,危機倒數 | 線上看 | KKTV,https://www.kktv.me/titles/09000797
18,kkt,血腥萬聖夜 | 線上看 | KKTV,https://www.kktv.me/titles/09001224
19,kkt,獵殺星期一 | 線上看 | KKTV,https://www.kktv.me/titles/09000565
20,kkt,馬德里金庫盜數90分鐘 | 線上看 | KKTV,https://www.kktv.me/titles/09001118
21,kkt,黑洞迷情 | 線上看 | KKTV,https://www.kktv.me/titles/09001156
22,kkt,決勝女王 | 線上看 | KKTV,https://www.kktv.me/titles/09000953
23,kkt,(日) 鬼滅之刃劇場版 無限列車篇 | 動漫線上看 | KKTV,https://www.kktv.me/titles/06000975
24,kkt,迴路追殺令 | 線上看 | KKTV,https://www.kktv.me/titles/09000993
25,kkt,惡魔島 | 線上看 | KKTV,https://www.kktv.me/titles/09000633
26,kkt,AI終結戰 | 線上看 | KKTV,https://www.kktv.me/titles/09000834
27,kkt,驕傲大聯盟 | 線上看 | KKTV,https://www.kktv.me/titles/09000526
28,kkt,鎖命佈局 | 線上看 | KKTV,https://www.kktv.me/titles/09000932
29,kkt,我們的輕狂年代 | 線上看 | KKTV,https://www.kktv.me/titles/09001013
30,kkt,絕命大平台 | 線上看 | KKTV,https://www.kktv.me/titles/09001322
31,kkt,一路不順風 | 免費線上看 | KKTV,https://www.kktv.me/titles/09000186
32,kkt,記憶傳承人：極樂謊言 | 線上看 | KKTV,https://www.kktv.me/titles/09000521
33,kkt,詐欺女王 | 線上看 | KKTV,https://www.kktv.me/titles/09001056
34,kkt,天崩颶裂 | 線上看 | KKTV,https://www.kktv.me/titles/09001373
35,kkt,嚇地獄 | 線上看 | KKTV,https://www.kktv.me/titles/09001218
36,kkt,吸血鬼學院 | 線上看 | KKTV,https://www.kktv.me/titles/09000794
37,kkt,血衛 | 線上看 | KKTV,https://www.kktv.me/titles/09000898
38,kkt,致命窺弒 | 線上看 | KKTV,https://www.kktv.me/titles/09000956
39,kkt,冰海異種 | 線上看 | KKTV,https://www.kktv.me/titles/09000952
40,kkt,寶可夢：皮卡丘與可可的冒險 | 動漫線上看 | KKTV,https://www.kktv.me/titles/06001322
41,kkt,班恩回家 | 線上看 | KKTV,https://www.kktv.me/titles/09000588
42,kkt,淺田家！ | 日劇線上看 | KKTV,https://www.kktv.me/titles/09000930
43,kkt,愛上觸不到的你 | 線上看 | KKTV,https://www.kktv.me/titles/09000780
44,kkt,只想陪著你 | 線上看 | KKTV,https://www.kktv.me/titles/09000561
45,kkt,瞞天機密 | 線上看 | KKTV,https://www.kktv.me/titles/09001151
46,kkt,刀劍神域 劇場版：序列爭戰 | 動漫線上看 | KKTV,https://www.kktv.me/titles/06000023
47,kkt,神機有毛病 | 線上看 | KKTV,https://www.kktv.me/titles/09001058
48,kkt,絕命連線 | 線上看 | KKTV,https://www.kktv.me/titles/09000520
49,kkt,非禮勿弒 | 線上看 | KKTV,https://www.kktv.me/titles/09000435
50,kkt,追殺胖老爹 | 線上看 | KKTV,https://www.kktv.me/titles/09000960
51,kkt,夕霧花園 | 線上看 | KKTV,https://www.kktv.me/titles/09001049
52,kkt,鬼魅 | 韓劇線上看 | KKTV,https://www.kktv.me/titles/09000955
53,kkt,快餐車 | 港劇免費線上看 | KKTV,https://www.kktv.me/titles/09001114
54,kkt,詭異訊 | 線上看 | KKTV,https://www.kktv.me/titles/09000471
55,kkt,人生消極掰 | 線上看 | KKTV,https://www.kktv.me/titles/09001131
56,kkt,這個殺手必須死 | 線上看 | KKTV,https://www.kktv.me/titles/09001207
57,kkt,與神同行：最終審判 | 韓劇線上看 | KKTV,https://www.kktv.me/titles/09000478
58,kkt,昆汀超集8 | 線上看 | KKTV,https://www.kktv.me/titles/09001211
59,kkt,龍爭虎鬥 | 港劇免費線上看 | KKTV,https://www.kktv.me/titles/09001327
60,kkt,野蠻真相 | 線上看 | KKTV,https://www.kktv.me/titles/09000957
61,kkt,海報師：阮大勇的插畫藝術 | 港劇線上看 | KKTV,https://www.kktv.me/titles/09000826
62,kkt,雙面遊戲 | 免費線上看 | KKTV,https://www.kktv.me/titles/09001199
63,kkt,億萬男孩俱樂部 | 線上看 | KKTV,https://www.kktv.me/titles/09000578
64,kkt,惡水真相 | 線上看 | KKTV,https://www.kktv.me/titles/09001152
65,kkt,灰色警戒 | 線上看 | KKTV,https://www.kktv.me/titles/09000614
66,kkt,最美的約定 | 韓劇免費線上看 | KKTV,https://www.kktv.me/titles/09000161
67,kkt,高壓制裁 | 線上看 | KKTV,https://www.kktv.me/titles/09000802
68,kkt,青春豬頭少年不會夢到懷夢美少女 | 動漫線上看 | KKTV,https://www.kktv.me/titles/06000460
69,kkt,花生醬獵鷹的願望 | 線上看 | KKTV,https://www.kktv.me/titles/09001081
70,kkt,毀滅倒數 | 線上看 | KKTV,https://www.kktv.me/titles/09001421
71,kkt,喬瑟與虎與魚群動畫版 | 動漫線上看 | KKTV,https://www.kktv.me/titles/09001012
72,kkt,100公尺的人生 | 線上看 | KKTV,https://www.kktv.me/titles/09000496
73,kkt,詭山 | 線上看 | KKTV,https://www.kktv.me/titles/09001052
74,kkt,(日) 尋找小魔女DoReMi | 動漫線上看 | KKTV,https://www.kktv.me/titles/06001258
75,kkt,婚禮冤家 | 線上看 | KKTV,https://www.kktv.me/titles/09000800
76,kkt,紐約愛未眠 | 線上看 | KKTV,https://www.kktv.me/titles/09000531
77,kkt,褓姆HOLD不住 | 免費線上看 | KKTV,https://www.kktv.me/titles/09000167
78,kkt,惡夜性追緝 | 線上看 | KKTV,https://www.kktv.me/titles/09001271
79,kkt,鬼撕眠 | 線上看 | KKTV,https://www.kktv.me/titles/09000446
80,kkt,賈伯斯 | 線上看 | KKTV,https://www.kktv.me/titles/09001369
81,kkt,超能追緝 | 線上看 | KKTV,https://www.kktv.me/titles/09000913
82,kkt,永不退讓 | 線上看 | KKTV,https://www.kktv.me/titles/09000970
83,kkt,倒數計死 | 線上看 | KKTV,https://www.kktv.me/titles/09001116
84,kkt,別跟山過不去 | 線上看 | KKTV,https://www.kktv.me/titles/09000530
85,kkt,非死不可 | 線上看 | KKTV,https://www.kktv.me/titles/09000434
86,kkt,美國動物 | 線上看 | KKTV,https://www.kktv.me/titles/09001019
87,kkt,終極鬥士4 | 線上看 | KKTV,https://www.kktv.me/titles/09001379
88,kkt,喋血雙雄 | 港劇免費線上看 | KKTV,https://www.kktv.me/titles/09000896
89,kkt,愛上費加洛 | 線上看 | KKTV,https://www.kktv.me/titles/09001416
90,kkt,黑獄 | 線上看 | KKTV,https://www.kktv.me/titles/09000804
91,kkt,父後七日 | 台劇免費線上看 | KKTV,https://www.kktv.me/titles/09001247
92,kkt,舞力重擊 | 線上看 | KKTV,https://www.kktv.me/titles/09001378
93,kkt,笑笑羊大電影：外星人來了 | 動漫線上看 | KKTV,https://www.kktv.me/titles/09000442
94,kkt,厄夜暴走 | 線上看 | KKTV,https://www.kktv.me/titles/09000975
95,kkt,殺手寓言：殺手不殺人 | 日劇線上看 | KKTV,https://www.kktv.me/titles/09001364
96,kkt,為了與你相聚 | 線上看 | KKTV,https://www.kktv.me/titles/09000644
97,kkt,美麗佳人歐蘭朵 | 線上看 | KKTV,https://www.kktv.me/titles/09000326
98,kkt,超危險犯罪 | 線上看 | KKTV,https://www.kktv.me/titles/09001038
99,kkt,愛情齡距離 | 線上看 | KKTV,https://www.kktv.me/titles/09001121
100,kkt,下一站，托斯卡尼 | 線上看 | KKTV,https://www.kktv.me/titles/09000897
101,kkt,生命之詩 | 韓劇線上看 | KKTV,https://www.kktv.me/titles/09000646
102,kkt,復仇行動 | 線上看 | KKTV,https://www.kktv.me/titles/09001371
103,kkt,夜班證人 | 線上看 | KKTV,https://www.kktv.me/titles/09001134
104,kkt,反恐行動：獨立日 | 免費線上看 | KKTV,https://www.kktv.me/titles/09001328
105,kkt,最後的生存者 | 免費線上看 | KKTV,https://www.kktv.me/titles/09001401
106,kkt,愛在戰火紛飛時 | 線上看 | KKTV,https://www.kktv.me/titles/09000865
107,kkt,友你真好 | 線上看 | KKTV,https://www.kktv.me/titles/09001145
108,kkt,除魔者聯盟 | 線上看 | KKTV,https://www.kktv.me/titles/09001142
109,kkt,牛津解密 | 線上看 | KKTV,https://www.kktv.me/titles/09000835
110,kkt,還有機會說再見 | 線上看 | KKTV,https://www.kktv.me/titles/09000994
111,kkt,我的觸男日記 | 線上看 | KKTV,https://www.kktv.me/titles/09000130
112,kkt,鏗鏘玫瑰 | 線上看 | KKTV,https://www.kktv.me/titles/09001150
113,kkt,刺殺終點戰 | 線上看 | KKTV,https://www.kktv.me/titles/09001128
114,kkt,乘浪之約 | 動漫線上看 | KKTV,https://www.kktv.me/titles/09001117
115,kkt,鬼船瑪麗號 | 線上看 | KKTV,https://www.kktv.me/titles/09001132
116,kkt,野性獵殺 | 線上看 | KKTV,https://www.kktv.me/titles/09001212
117,kkt,精武門 | 港劇免費線上看 | KKTV,https://www.kktv.me/titles/09001254
118,kkt,午夜密令 | 線上看 | KKTV,https://www.kktv.me/titles/09001263
119,kkt,跟著IKEA衣櫥去旅行 | 線上看 | KKTV,https://www.kktv.me/titles/09000575
120,kkt,真愛鄰距離 | 線上看 | KKTV,https://www.kktv.me/titles/09000950
121,kkt,大衛林區：獨白囈語 | 線上看 | KKTV,https://www.kktv.me/titles/09000962
122,kkt,奏出新希望 | 免費線上看 | KKTV,https://www.kktv.me/titles/09000271
123,kkt,大約在冬季 | 陸劇線上看 | KKTV,https://www.kktv.me/titles/09000844
124,kkt,中央車站：數位修復版 | 線上看 | KKTV,https://www.kktv.me/titles/09000817
125,kkt,烈火邊境 | 線上看 | KKTV,https://www.kktv.me/titles/09000548
126,kkt,愛情零極限 | 免費線上看 | KKTV,https://www.kktv.me/titles/09001321
127,kkt,少女殺神 | 線上看 | KKTV,https://www.kktv.me/titles/09001262
128,kkt,一念無明 | 港劇線上看 | KKTV,https://www.kktv.me/titles/09000395
129,kkt,惡夜殺機 | 線上看 | KKTV,https://www.kktv.me/titles/09000456
130,kkt,搖滾變色龍：大衛鮑伊 | 線上看 | KKTV,https://www.kktv.me/titles/09000974
131,kkt,終極異噬界 | 線上看 | KKTV,https://www.kktv.me/titles/09001057
132,kkt,傷物語Ⅰ 鐵血篇 | 動漫線上看 | KKTV,https://www.kktv.me/titles/06001034
133,kkt,極限遊戲 | 免費線上看 | KKTV,https://www.kktv.me/titles/09001308
134,kkt,企鵝公路 | 日劇免費線上看 | KKTV,https://www.kktv.me/titles/06000389
135,kkt,哪吒之魔童降世 | 動漫線上看 | KKTV,https://www.kktv.me/titles/09001136
136,kkt,字作多情 | 線上看 | KKTV,https://www.kktv.me/titles/09001045
137,kkt,結婚計念日 | 線上看 | KKTV,https://www.kktv.me/titles/09001051
138,kkt,孤軍 | 台劇免費線上看 | KKTV,https://www.kktv.me/titles/09000202
139,kkt,玩命鎗火 | 線上看 | KKTV,https://www.kktv.me/titles/09001078
140,kkt,驚聲尖笑5 | 線上看 | KKTV,https://www.kktv.me/titles/09000522
141,kkt,命運小說家 | 線上看 | KKTV,https://www.kktv.me/titles/09000917
142,kkt,冰血殺機 | 線上看 | KKTV,https://www.kktv.me/titles/09001217
143,kkt,相對世界。明日終結？ | 日劇免費線上看 | KKTV,https://www.kktv.me/titles/06000303
144,kkt,神鬼網戰 | 線上看 | KKTV,https://www.kktv.me/titles/09001050
145,kkt,蜜‧密 | 線上看 | KKTV,https://www.kktv.me/titles/09001137
146,kkt,哈樂黛的愛與死 | 線上看 | KKTV,https://www.kktv.me/titles/09001270
147,kkt,白日焰火 | 陸劇線上看 | KKTV,https://www.kktv.me/titles/09000414
148,kkt,血鱷深淵 | 線上看 | KKTV,https://www.kktv.me/titles/09001033
149,kkt,喜劇天團：勞萊與哈台 | 線上看 | KKTV,https://www.kktv.me/titles/09000639
150,kkt,驚爆危城 | 線上看 | KKTV,https://www.kktv.me/titles/09001032
151,kkt,點五步 | 港劇線上看 | KKTV,https://www.kktv.me/titles/09000623
152,kkt,許怨房 | 線上看 | KKTV,https://www.kktv.me/titles/09001225
153,kkt,初戀時光機 | 線上看 | KKTV,https://www.kktv.me/titles/09001155
154,kkt,(英)大冒險家 | 動漫線上看 | KKTV,https://www.kktv.me/titles/09000655
155,kkt,刺殺小說家 | 陸劇免費線上看 | KKTV,https://www.kktv.me/titles/09001193
156,kkt,玩命狂飆 | 線上看 | KKTV,https://www.kktv.me/titles/09000515
157,kkt,危險線人 | 線上看 | KKTV,https://www.kktv.me/titles/09000977
158,kkt,遇見街貓Bob | 線上看 | KKTV,https://www.kktv.me/titles/09000555
159,kkt,守靈魘 | 線上看 | KKTV,https://www.kktv.me/titles/09001075
160,kkt,終極獵殺令 | 線上看 | KKTV,https://www.kktv.me/titles/09001125
161,kkt,魔鬼對決 | 韓劇線上看 | KKTV,https://www.kktv.me/titles/09001004
162,kkt,極地先鋒 | 線上看 | KKTV,https://www.kktv.me/titles/09001274
163,kkt,獨帆之聲 | 線上看 | KKTV,https://www.kktv.me/titles/09000964
164,kkt,疤面教父 | 線上看 | KKTV,https://www.kktv.me/titles/09000908
165,kkt,致命目擊 | 韓劇線上看 | KKTV,https://www.kktv.me/titles/09000904
166,kkt,顫慄柏林 | 線上看 | KKTV,https://www.kktv.me/titles/09001087
167,kkt,我的直男前男友 | 線上看 | KKTV,https://www.kktv.me/titles/09000820
168,kkt,致命誘拐 | 線上看 | KKTV,https://www.kktv.me/titles/09000966
169,kkt,福島50英雄 | 日劇線上看 | KKTV,https://www.kktv.me/titles/09000603
170,kkt,五億探長雷洛傳II：父子情仇 | 港劇免費線上看 | KKTV,https://www.kktv.me/titles/09000941
171,kkt,私人戰爭 | 線上看 | KKTV,https://www.kktv.me/titles/09000836
172,kkt,飛鷹計劃 | 港劇免費線上看 | KKTV,https://www.kktv.me/titles/09000872
173,kkt,綁票追殺令 | 線上看 | KKTV,https://www.kktv.me/titles/09000949
174,kkt,黑街追擊 | 免費線上看 | KKTV,https://www.kktv.me/titles/09001395
175,kkt,全面霾伏 | 線上看 | KKTV,https://www.kktv.me/titles/09000785
176,kkt,男人真命苦 真人版電影 | 日劇線上看 | KKTV,https://www.kktv.me/titles/09000428
177,kkt,戰爭中的鬼故事 | 線上看 | KKTV,https://www.kktv.me/titles/09000905
178,kkt,暴動之城 | 線上看 | KKTV,https://www.kktv.me/titles/09001216
179,kkt,安地斯噤戀 | 免費線上看 | KKTV,https://www.kktv.me/titles/09000892
180,kkt,我和我的冠軍籃球隊 | 線上看 | KKTV,https://www.kktv.me/titles/09000086
181,kkt,惡夜救援 | 線上看 | KKTV,https://www.kktv.me/titles/09000899
182,kkt,藥命真相 | 線上看 | KKTV,https://www.kktv.me/titles/09000551
183,kkt,NY單身日記 | 線上看 | KKTV,https://www.kktv.me/titles/09000616
184,kkt,羅小黑戰記 | 免費線上看 | KKTV,https://www.kktv.me/titles/09000151
185,kkt,同級生 劇場版 | 動漫線上看 | KKTV,https://www.kktv.me/titles/06001276
186,kkt,虛無的焦點 | 陸劇線上看 | KKTV,https://www.kktv.me/titles/03000243
187,kkt,地下弒的秘密 | 線上看 | KKTV,https://www.kktv.me/titles/09000840
188,kkt,醜聞：朝鮮男女相悅之事 | 韓劇線上看 | KKTV,https://www.kktv.me/titles/09001059
189,kkt,火影忍者劇場版10：最終章 | 動漫線上看 | KKTV,https://www.kktv.me/titles/06000604
190,kkt,以愛之名：翁山蘇姬 | 線上看 | KKTV,https://www.kktv.me/titles/09000518
191,kkt,情慾王朝 | 韓劇線上看 | KKTV,https://www.kktv.me/titles/09001441
192,kkt,舊愛靈靈妻 | 線上看 | KKTV,https://www.kktv.me/titles/09001025
193,kkt,法國光影半生緣 | 線上看 | KKTV,https://www.kktv.me/titles/09000916
194,kkt,奇蹟 | 日劇線上看 | KKTV,https://www.kktv.me/titles/09000431
195,kkt,救救菜英文 | 線上看 | KKTV,https://www.kktv.me/titles/09001268
196,kkt,愛情不同調 | 免費線上看 | KKTV,https://www.kktv.me/titles/09000293
197,kkt,極限情慾 | 線上看 | KKTV,https://www.kktv.me/titles/09000850
198,kkt,號角響起 | 台劇免費線上看 | KKTV,https://www.kktv.me/titles/09000212
199,kkt,終極救援 | 線上看 | KKTV,https://www.kktv.me/titles/09000537
200,kkt,浪蕩假期 | 線上看 | KKTV,https://www.kktv.me/titles/09001082
201,kkt,Fate/stay night [Heaven's Feel] I、預示之花 | 動漫線上看 | KKTV,https://www.kktv.me/titles/06000995
202,kkt,小鬼找麻煩 | 線上看 | KKTV,https://www.kktv.me/titles/09001141
203,kkt,魔法少女小圓 劇場版：新編 叛逆的物語 | 動漫線上看 | KKTV,https://www.kktv.me/titles/06000280
204,kkt,父愁者聯盟 | 線上看 | KKTV,https://www.kktv.me/titles/09001257
205,kkt,Fate/stay night [Heaven's Feel] III、春櫻之歌 | 動漫線上看 | KKTV,https://www.kktv.me/titles/06001169
206,kkt,不悔 | 韓劇線上看 | KKTV,https://www.kktv.me/titles/09001069
207,kkt,柴哥與喵弟 | 台劇免費線上看 | KKTV,https://www.kktv.me/titles/09000386
208,kkt,軍事統制區域：八二〇地帶 | 韓劇線上看 | KKTV,https://www.kktv.me/titles/09000717
209,kkt,(中) 蠟筆小新：幽靈忍者珍風傳 | 動漫線上看 | KKTV,https://www.kktv.me/titles/06001446
210,kkt,烈火戰車2極速傳說 | 港劇免費線上看 | KKTV,https://www.kktv.me/titles/09001024
211,kkt,裸愛殺機 | 線上看 | KKTV,https://www.kktv.me/titles/09000232
212,kkt,日落真相 | 線上看 | KKTV,https://www.kktv.me/titles/09001278
213,kkt,灼人秘密 | 台劇線上看 | KKTV,https://www.kktv.me/titles/09000595
214,kkt,玩命颶風 | 線上看 | KKTV,https://www.kktv.me/titles/09000571
215,kkt,奇蹟熱氣球 | 線上看 | KKTV,https://www.kktv.me/titles/09000637
216,kkt,非法地帶 | 線上看 | KKTV,https://www.kktv.me/titles/09001276
217,kkt,喋血街頭 | 港劇免費線上看 | KKTV,https://www.kktv.me/titles/09000895
218,kkt,即刻殺機 | 線上看 | KKTV,https://www.kktv.me/titles/09000552
219,kkt,奪命守門人 | 線上看 | KKTV,https://www.kktv.me/titles/09000842
220,kkt,鬼滅之奏 | 動漫線上看 | KKTV,https://www.kktv.me/titles/06001057
221,kkt,藍綠對話實驗室 | 台劇線上看 | KKTV,https://www.kktv.me/titles/07000023
222,kkt,一週斃命：不死退費 | 線上看 | KKTV,https://www.kktv.me/titles/09000579
223,kkt,萌犬派崔克 | 線上看 | KKTV,https://www.kktv.me/titles/09001009
224,kkt,舞動心人生 | 線上看 | KKTV,https://www.kktv.me/titles/09001140
225,kkt,情人眼中釘 | 線上看 | KKTV,https://www.kktv.me/titles/09000517
226,kkt,苦兒流浪記 | 線上看 | KKTV,https://www.kktv.me/titles/09000593
227,kkt,梭哈人生 | 線上看 | KKTV,https://www.kktv.me/titles/09000545
228,kkt,Fate Grand Order-終局特異點 冠位時間神殿所羅門- | 動漫線上看 | KKTV,https://www.kktv.me/titles/06001385
229,kkt,殺戮實境秀 | 線上看 | KKTV,https://www.kktv.me/titles/09001255
230,kkt,猛龍過江 | 港劇免費線上看 | KKTV,https://www.kktv.me/titles/09001253
231,kkt,再見街貓BOB | 線上看 | KKTV,https://www.kktv.me/titles/09000847
232,kkt,巴爾幹防線 | 免費線上看 | KKTV,https://www.kktv.me/titles/09001197
233,kkt,罪惡之城 | 免費線上看 | KKTV,https://www.kktv.me/titles/09000880
234,kkt,勒索風雲 | 免費線上看 | KKTV,https://www.kktv.me/titles/09001399
235,kkt,愛，穹蒼 | 線上看 | KKTV,https://www.kktv.me/titles/09000534
236,kkt,柏林的女人 | 免費線上看 | KKTV,https://www.kktv.me/titles/09000277
237,kkt,遲來的正義 | 線上看 | KKTV,https://www.kktv.me/titles/09001215
238,kkt,決戰紫禁之巔 | 港劇免費線上看 | KKTV,https://www.kktv.me/titles/09000990
239,kkt,十二個想死的少年 | 日劇線上看 | KKTV,https://www.kktv.me/titles/09001414
240,kkt,南方車站的聚會 | 陸劇線上看 | KKTV,https://www.kktv.me/titles/09000601
241,kkt,金派特務 | 韓劇線上看 | KKTV,https://www.kktv.me/titles/09001428
242,kkt,皇金稻田 | 台劇免費線上看 | KKTV,https://www.kktv.me/titles/09000004
243,kkt,終極飆靶 | 線上看 | KKTV,https://www.kktv.me/titles/09000454
244,kkt,賽德克巴萊 (上)：太陽旗 | 台劇線上看 | KKTV,https://www.kktv.me/titles/09001417
245,kkt,世界最長的照片 | 日劇線上看 | KKTV,https://www.kktv.me/titles/09001413
246,kkt,百萬嬌妻綁架計畫 | 免費線上看 | KKTV,https://www.kktv.me/titles/09000164
247,kkt,奧布萊恩的一家 | 免費線上看 | KKTV,https://www.kktv.me/titles/09000301
248,kkt,電影之神 | 日劇線上看 | KKTV,https://www.kktv.me/titles/09001374
249,kkt,解放摩蘇爾 | 免費線上看 | KKTV,https://www.kktv.me/titles/07000271
250,kkt,唐山大兄 | 港劇免費線上看 | KKTV,https://www.kktv.me/titles/09001394
251,kkt,Fate/stay night [Heaven's Feel] II、迷途之蝶 | 動漫線上看 | KKTV,https://www.kktv.me/titles/06000996
252,kkt,犯罪教條 | 線上看 | KKTV,https://www.kktv.me/titles/09001119
253,kkt,(英) 大腳冒險王 | 動漫線上看 | KKTV,https://www.kktv.me/titles/09000845
254,kkt,這不是柏林 | 免費線上看 | KKTV,https://www.kktv.me/titles/09000887
255,kkt,讓我聽見愛的歌聲 | 動漫免費線上看 | KKTV,https://www.kktv.me/titles/06001301
256,kkt,情慾三人行 | 韓劇線上看 | KKTV,https://www.kktv.me/titles/09000679
257,kkt,證人 | 韓劇線上看 | KKTV,https://www.kktv.me/titles/09000652
258,kkt,沙漠女皇：燦爛年代 | 線上看 | KKTV,https://www.kktv.me/titles/09000553
259,kkt,完美保姆 | 線上看 | KKTV,https://www.kktv.me/titles/09001220
260,kkt,不再有春天 | 港劇免費線上看 | KKTV,https://www.kktv.me/titles/09000031
261,kkt,惡女出閘 | 線上看 | KKTV,https://www.kktv.me/titles/09001046
262,kkt,殺手寓言 | 日劇線上看 | KKTV,https://www.kktv.me/titles/09000810
263,kkt,為愛璀璨：永遠的葛麗絲 | 線上看 | KKTV,https://www.kktv.me/titles/09000843
264,kkt,狼人鎮 | 線上看 | KKTV,https://www.kktv.me/titles/09000812
265,kkt,對岸異鄉人 | 台劇線上看 | KKTV,https://www.kktv.me/titles/07000022
266,kkt,貓系同桌是大神 | 陸劇免費線上看 | KKTV,https://www.kktv.me/titles/09000987
267,kkt,再一次，台灣見 | 日劇線上看 | KKTV,https://www.kktv.me/titles/09000083
268,kkt,皮克青春 | 台劇線上看 | KKTV,https://www.kktv.me/titles/09001391
269,kkt,晴朗的天空 | 陸劇免費線上看 | KKTV,https://www.kktv.me/titles/07000089
270,kkt,九叔 | 陸劇免費線上看 | KKTV,https://www.kktv.me/titles/07000085
271,kkt,塩埕區長 | 台劇免費線上看 | KKTV,https://www.kktv.me/titles/07000293
272,kkt,小鬼遇到兵 | 台劇免費線上看 | KKTV,https://www.kktv.me/titles/09000019
273,kkt,子非魚 | 台劇線上看 | KKTV,https://www.kktv.me/titles/07000017
274,kkt,童女之舞 | 台劇免費線上看 | KKTV,https://www.kktv.me/titles/02000262
275,kkt,海韻 | 台劇免費線上看 | KKTV,https://www.kktv.me/titles/09000033
276,kkt,大浪人生 | 台劇免費線上看 | KKTV,https://www.kktv.me/titles/07000292
277,kkt,靈界基友2．床仙 | 陸劇免費線上看 | KKTV,https://www.kktv.me/titles/09000981
278,kkt,喇叭宏的悲喜曲 | 台劇免費線上看 | KKTV,https://www.kktv.me/titles/02000279
279,kkt,特務搞飛機 | 韓劇線上看 | KKTV,https://www.kktv.me/titles/09000841
280,kkt,女聲我最美 | 線上看 | KKTV,https://www.kktv.me/titles/09000914
281,kkt,末路重生 | 免費線上看 | KKTV,https://www.kktv.me/titles/09000502
282,kkt,魔法禁界 | 線上看 | KKTV,https://www.kktv.me/titles/09001066
283,kkt,龍在江湖 | 港劇免費線上看 | KKTV,https://www.kktv.me/titles/09000989
284,kkt,一九四二 | 陸劇線上看 | KKTV,https://www.kktv.me/titles/09000394
285,kkt,野林驚魂 | 免費線上看 | KKTV,https://www.kktv.me/titles/09001174
286,kkt,文豪野犬劇場版：DEAD APPLE | 動漫線上看 | KKTV,https://www.kktv.me/titles/06000664
287,kkt,鬼4虐 | 線上看 | KKTV,https://www.kktv.me/titles/09001440
288,kkt,哥布林殺手 劇場版：GOBLIN'S CROWN | 動漫免費線上看 | KKTV,https://www.kktv.me/titles/06000646
289,kkt,搶救巴迪 | 線上看 | KKTV,https://www.kktv.me/titles/09001061
290,kkt,洛可兄弟 | 免費線上看 | KKTV,https://www.kktv.me/titles/09000294
291,kkt,亨利先生的秘密 | 免費線上看 | KKTV,https://www.kktv.me/titles/09000230
292,kkt,七月與安生 | 陸劇線上看 | KKTV,https://www.kktv.me/titles/09000570
293,kkt,城市獵人 | 港劇免費線上看 | KKTV,https://www.kktv.me/titles/09000870
294,kkt,刀劍神域 特別篇 | 動漫線上看 | KKTV,https://www.kktv.me/titles/06000022
295,kkt,(英) 小麻煩當家 | 動漫線上看 | KKTV,https://www.kktv.me/titles/09001126
296,kkt,抓住救命稻草的野獸們 | 韓劇線上看 | KKTV,https://www.kktv.me/titles/09000602
297,kkt,情慾誘惑 | 韓劇線上看 | KKTV,https://www.kktv.me/titles/09001433
298,kkt,命運晚餐 | 線上看 | KKTV,https://www.kktv.me/titles/09001120
299,kkt,暖心龍蝦湯 | 免費線上看 | KKTV,https://www.kktv.me/titles/09000507
300,kkt,雙面艾莉絲 | 線上看 | KKTV,https://www.kktv.me/titles/09000549
301,kkt,(日) 城市獵人 劇場版：新宿 PRIVATE EYES | 動漫線上看 | KKTV,https://www.kktv.me/titles/06000450
302,kkt,我媽的希臘婚禮 | 線上看 | KKTV,https://www.kktv.me/titles/09000541
303,kkt,整容液 | 動漫線上看 | KKTV,https://www.kktv.me/titles/09000948
304,kkt,喬瑟與虎與魚群 | 日劇線上看 | KKTV,https://www.kktv.me/titles/09001261
305,kkt,火影忍者劇場版11：慕留人 | 動漫線上看 | KKTV,https://www.kktv.me/titles/06000605
306,kkt,我的王子老爸 | 線上看 | KKTV,https://www.kktv.me/titles/09000915
307,kkt,超級配音生死鬥 | 韓劇線上看 | KKTV,https://www.kktv.me/titles/09000244
308,kkt,人生剩利組 | 線上看 | KKTV,https://www.kktv.me/titles/09000951
309,kkt,魯冰花 | 台劇免費線上看 | KKTV,https://www.kktv.me/titles/09000007
310,kkt,殺人者 | 韓劇線上看 | KKTV,https://www.kktv.me/titles/09000666
311,kkt,誓死捍衛：1918克魯特 | 免費線上看 | KKTV,https://www.kktv.me/titles/09001183
312,kkt,絕不妥協 | 線上看 | KKTV,https://www.kktv.me/titles/09000529
313,kkt,黑蝶殺機 | 線上看 | KKTV,https://www.kktv.me/titles/09000463
314,kkt,缺席是我的道別 | 免費線上看 | KKTV,https://www.kktv.me/titles/09000886
315,kkt,殺戮重生犬屋敷 | 日劇線上看 | KKTV,https://www.kktv.me/titles/09000453
316,kkt,鎖命危機 | 韓劇線上看 | KKTV,https://www.kktv.me/titles/09000801
317,kkt,魔法少女小圓 劇場版：後篇 永遠的物語 | 動漫線上看 | KKTV,https://www.kktv.me/titles/06000256
318,kkt,死小孩 | 日劇線上看 | KKTV,https://www.kktv.me/titles/09000422
319,kkt,Fate/Grand Order-神聖圓桌領域卡美洛-Wandering Agateram | 動漫線上看 | KKTV,https://www.kktv.me/titles/06000963
320,kkt,蠟筆小新：謎案！天下春日部學院的怪奇事件 | 動漫免費線上看 | KKTV,https://www.kktv.me/titles/06001263
321,kkt,我，最親愛的 | 線上看 | KKTV,https://www.kktv.me/titles/09000176
322,kkt,失落地帶 | 線上看 | KKTV,https://www.kktv.me/titles/09000909
323,kkt,火口的二人 | 日劇線上看 | KKTV,https://www.kktv.me/titles/09000779
324,kkt,33：重生奇蹟 | 線上看 | KKTV,https://www.kktv.me/titles/09000495
325,kkt,魔仿犯 | 日劇線上看 | KKTV,https://www.kktv.me/titles/09001429
326,kkt,海邊的異邦人 | 動漫線上看 | KKTV,https://www.kktv.me/titles/09001005
327,kkt,室友不是人 | 韓劇線上看 | KKTV,https://www.kktv.me/titles/09001372
328,kkt,我的爆氣女友 | 韓劇線上看 | KKTV,https://www.kktv.me/titles/09001228
329,kkt,開放性關係 | 線上看 | KKTV,https://www.kktv.me/titles/09000954
330,kkt,賽德克巴萊 (下)：彩虹橋 | 台劇線上看 | KKTV,https://www.kktv.me/titles/09001418
331,kkt,GIVEN~ 被贈與的未來 劇場版 | 日劇線上看 | KKTV,https://www.kktv.me/titles/09000365
332,kkt,鎌倉物語 | 日劇線上看 | KKTV,https://www.kktv.me/titles/09001412
333,kkt,琳老師卡好 | 線上看 | KKTV,https://www.kktv.me/titles/09000459
334,kkt,卡拉絲：為愛而聲 | 線上看 | KKTV,https://www.kktv.me/titles/09000868
335,kkt,惡食工廠 | 線上看 | KKTV,https://www.kktv.me/titles/09000509
336,kkt,淪落人 | 港劇線上看 | KKTV,https://www.kktv.me/titles/09000604
337,kkt,大偵探福爾摩斯-逃獄大追捕 | 動漫線上看 | KKTV,https://www.kktv.me/titles/06001262
338,kkt,兩個爸爸 | 線上看 | KKTV,https://www.kktv.me/titles/09000576
339,kkt,倩女幽魂III：道道道 | 港劇免費線上看 | KKTV,https://www.kktv.me/titles/09001023
340,kkt,酷愛電影的龐波小姐 | 動漫線上看 | KKTV,https://www.kktv.me/titles/06001421
341,kkt,黑吃黑 | 線上看 | KKTV,https://www.kktv.me/titles/09000620
342,kkt,火影忍者劇場版1：大活劇！雪姬忍法帖！！ | 動漫線上看 | KKTV,https://www.kktv.me/titles/06000595
343,kkt,狠藥命 | 免費線上看 | KKTV,https://www.kktv.me/titles/09001177
344,kkt,討厭的女人 | 日劇線上看 | KKTV,https://www.kktv.me/titles/09000618
345,kkt,生日幻境 | 日劇線上看 | KKTV,https://www.kktv.me/titles/06000454
346,kkt,越愛越墮落 | 韓劇線上看 | KKTV,https://www.kktv.me/titles/09000160
347,kkt,姐姐妹妹殺起來 | 線上看 | KKTV,https://www.kktv.me/titles/09000854
348,kkt,波伽利：聲命之歌 | 線上看 | KKTV,https://www.kktv.me/titles/09001079
349,kkt,朋友 | 韓劇線上看 | KKTV,https://www.kktv.me/titles/09000648
350,kkt,(英) 閃閃小超人電影版 | 動漫線上看 | KKTV,https://www.kktv.me/titles/09001143
351,kkt,催眠．裁決 | 港劇線上看 | KKTV,https://www.kktv.me/titles/09000788
352,kkt,火影忍者劇場版2：大激突！幻之地庭遺跡 | 動漫線上看 | KKTV,https://www.kktv.me/titles/06000596
353,kkt,推倒白宮的男人 | 線上看 | KKTV,https://www.kktv.me/titles/09000961
354,kkt,黑暗吞噬 | 免費線上看 | KKTV,https://www.kktv.me/titles/09000389
355,kkt,奪命網咖 | 線上看 | KKTV,https://www.kktv.me/titles/09000475
356,kkt,地下幽靈 | 免費線上看 | KKTV,https://www.kktv.me/titles/09001299
357,kkt,逆向誘拐 | 港劇線上看 | KKTV,https://www.kktv.me/titles/09000657
358,kkt,變種 | 線上看 | KKTV,https://www.kktv.me/titles/09001147
359,kkt,腥夜 | 免費線上看 | KKTV,https://www.kktv.me/titles/09001296
360,kkt,高校霸王花 | 韓劇免費線上看 | KKTV,https://www.kktv.me/titles/09000695
361,kkt,前男友行不行 | 線上看 | KKTV,https://www.kktv.me/titles/09000577
362,kkt,棄寶之島：遙與魔法鏡 | 動漫線上看 | KKTV,https://www.kktv.me/titles/06001037
363,kkt,女孩站起來 | 免費線上看 | KKTV,https://www.kktv.me/titles/09001094
364,kkt,湄公河行動 | 港劇線上看 | KKTV,https://www.kktv.me/titles/09000550
365,kkt,神偷大劫案 | 韓劇線上看 | KKTV,https://www.kktv.me/titles/09001039
366,kkt,火影忍者疾風傳劇場版6：火意志的繼承者 | 動漫線上看 | KKTV,https://www.kktv.me/titles/06000600
367,kkt,火影忍者劇場版3：大興奮！新月島之動物大騷動 | 動漫線上看 | KKTV,https://www.kktv.me/titles/06000597
368,kkt,校園敢死隊 | 港劇免費線上看 | KKTV,https://www.kktv.me/titles/09000209
369,kkt,廟街十二少 | 港劇免費線上看 | KKTV,https://www.kktv.me/titles/09000194
370,kkt,蘿莉塔：情陷謬思 | 韓劇線上看 | KKTV,https://www.kktv.me/titles/09001352
371,kkt,親愛的奶奶 | 台劇線上看 | KKTV,https://www.kktv.me/titles/09001392
372,kkt,我要活下去 | 線上看 | KKTV,https://www.kktv.me/titles/09001000
373,kkt,舞力假期 | 線上看 | KKTV,https://www.kktv.me/titles/09000813
374,kkt,冥視 | 線上看 | KKTV,https://www.kktv.me/titles/09000439
375,kkt,蜀山傳 | 港劇免費線上看 | KKTV,https://www.kktv.me/titles/09000876
376,kkt,暴力效應 | 線上看 | KKTV,https://www.kktv.me/titles/09000114
377,kkt,Re：從零開始的異世界生活 冰結之絆 | 動漫免費線上看 | KKTV,https://www.kktv.me/titles/06000573
378,kkt,九層妖塔 | 陸劇線上看 | KKTV,https://www.kktv.me/titles/09000397
379,kkt,綁的不是人 | 線上看 | KKTV,https://www.kktv.me/titles/09000791
380,kkt,幻影偵探 | 韓劇線上看 | KKTV,https://www.kktv.me/titles/09001377
381,kkt,噬愛 | 線上看 | KKTV,https://www.kktv.me/titles/09001295
382,kkt,暗殺教室 | 日劇線上看 | KKTV,https://www.kktv.me/titles/09001426
383,kkt,黑祭司 | 韓劇線上看 | KKTV,https://www.kktv.me/titles/09000462
384,kkt,柏林，我愛你 | 線上看 | KKTV,https://www.kktv.me/titles/09000805
385,kkt,愛在雨過天晴時 | 日劇線上看 | KKTV,https://www.kktv.me/titles/09000097
386,kkt,弱殺 | 港劇線上看 | KKTV,https://www.kktv.me/titles/09000006
387,kkt,奪魂索 | 線上看 | KKTV,https://www.kktv.me/titles/09000261
388,kkt,血汗英雄全泰壹 | 動漫線上看 | KKTV,https://www.kktv.me/titles/09001423
389,kkt,一條鯰魚救地球 | 韓劇線上看 | KKTV,https://www.kktv.me/titles/09000246
390,kkt,親親我的愛 | 線上看 | KKTV,https://www.kktv.me/titles/09000528
391,kkt,天元突破 紅蓮螺巖 劇場版：螺巖篇 | 動漫線上看 | KKTV,https://www.kktv.me/titles/06000876
392,kkt,螢火之森 | 動漫線上看 | KKTV,https://www.kktv.me/titles/06000924
393,kkt,猛鬼抓交替 | 線上看 | KKTV,https://www.kktv.me/titles/09000912
394,kkt,傷物語Ⅱ 熱血篇 | 動漫線上看 | KKTV,https://www.kktv.me/titles/06001035
395,kkt,暗戰 | 港劇免費線上看 | KKTV,https://www.kktv.me/titles/09001104
396,kkt,重案組 | 港劇免費線上看 | KKTV,https://www.kktv.me/titles/09000871
397,kkt,諜影交鋒 | 線上看 | KKTV,https://www.kktv.me/titles/09001007
398,kkt,火影忍者疾風傳劇場版8：血獄 | 動漫線上看 | KKTV,https://www.kktv.me/titles/06000602
399,kkt,被愛妄想症 | 日劇線上看 | KKTV,https://www.kktv.me/titles/09000090
400,kkt,火影忍者疾風傳劇場版5：絆 | 動漫線上看 | KKTV,https://www.kktv.me/titles/06000599
401,kkt,真犯 | 韓劇線上看 | KKTV,https://www.kktv.me/titles/09000822
402,kkt,迷情蘇珊娜 | 免費線上看 | KKTV,https://www.kktv.me/titles/09001088
403,kkt,追愛棉花糖女孩 | 日劇線上看 | KKTV,https://www.kktv.me/titles/09000789
404,kkt,復仇母親 | 韓劇線上看 | KKTV,https://www.kktv.me/titles/09000599
405,kkt,明天，我要和昨天的妳約會 | 日劇線上看 | KKTV,https://www.kktv.me/titles/09000432
406,kkt,獵殺邊境 | 線上看 | KKTV,https://www.kktv.me/titles/09001053
407,kkt,逆轉風帆 | 線上看 | KKTV,https://www.kktv.me/titles/09000815
408,kkt,她們的故事 | 韓劇線上看 | KKTV,https://www.kktv.me/titles/09000903
409,kkt,樹木葬 | 韓劇線上看 | KKTV,https://www.kktv.me/titles/09000743
410,kkt,大畫特務 | 韓劇線上看 | KKTV,https://www.kktv.me/titles/09000858
411,kkt,PSYCHO-PASS 心靈判官 Sinners of the System：Case.1 罪與罰 | 動漫免費線上看 | KKTV,https://www.kktv.me/titles/06000558
412,kkt,菜鳥陪審團 | 韓劇線上看 | KKTV,https://www.kktv.me/titles/09000828
413,kkt,重返17歲 | 日劇線上看 | KKTV,https://www.kktv.me/titles/09000113
414,kkt,(中) 蠟筆小新 劇場版：激戰！塗鴉王國與差不多四勇者 | 動漫免費線上看 | KKTV,https://www.kktv.me/titles/06000856
415,kkt,愛愛後當機 | 免費線上看 | KKTV,https://www.kktv.me/titles/09000179
416,kkt,新流星蝴蝶劍 | 港劇免費線上看 | KKTV,https://www.kktv.me/titles/09000196
417,kkt,今夜，在浪漫劇場與妳相遇 | 日劇線上看 | KKTV,https://www.kktv.me/titles/09000584
418,kkt,心靈樂手 | 線上看 | KKTV,https://www.kktv.me/titles/09000510
419,kkt,劫局 | 免費線上看 | KKTV,https://www.kktv.me/titles/09000183
420,kkt,天使之戀 | 日劇線上看 | KKTV,https://www.kktv.me/titles/09000405
421,kkt,與妳的第100次愛戀 | 日劇線上看 | KKTV,https://www.kktv.me/titles/09001060
422,kkt,最後的情書 | 日劇線上看 | KKTV,https://www.kktv.me/titles/09000947
423,kkt,喪屍來鬥陣 | 韓劇線上看 | KKTV,https://www.kktv.me/titles/09000260
424,kkt,吉娃娃羅曼死 | 日劇線上看 | KKTV,https://www.kktv.me/titles/09000417
425,kkt,蜈蚣咒 | 港劇線上看 | KKTV,https://www.kktv.me/titles/09000065
426,kkt,成名之路 | 陸劇線上看 | KKTV,https://www.kktv.me/titles/07000024
427,kkt,傷物語Ⅲ 冷血篇 | 動漫線上看 | KKTV,https://www.kktv.me/titles/06001036
428,kkt,噓！禁止想像！ | 韓劇線上看 | KKTV,https://www.kktv.me/titles/09000480
429,kkt,火影忍者疾風傳劇場版4：鳴人將死 | 動漫線上看 | KKTV,https://www.kktv.me/titles/06000598
430,kkt,你好，之華 | 陸劇線上看 | KKTV,https://www.kktv.me/titles/09000936
431,kkt,鄰家大明星 | 韓劇線上看 | KKTV,https://www.kktv.me/titles/09000824
432,kkt,我孕故我在 | 韓劇線上看 | KKTV,https://www.kktv.me/titles/09000362
433,kkt,火影忍者疾風傳劇場版9：忍者之路 | 動漫線上看 | KKTV,https://www.kktv.me/titles/06000603
434,kkt,雪暴 | 陸劇線上看 | KKTV,https://www.kktv.me/titles/09001071
435,kkt,流氓世家 | 韓劇線上看 | KKTV,https://www.kktv.me/titles/09000723
436,kkt,火影忍者疾風傳劇場版7：失落之塔 | 動漫線上看 | KKTV,https://www.kktv.me/titles/06000601
437,kkt,BanG Dream! FILM LIVE 2nd Stage | 動漫線上看 | KKTV,https://www.kktv.me/titles/06001354
438,kkt,太陽的孩子 | 免費線上看 | KKTV,https://www.kktv.me/titles/09000287
439,kkt,橋仔頭的春秋大夢 | 台劇免費線上看 | KKTV,https://www.kktv.me/titles/07000291
440,kkt,廷巴克圖的古老天文學家 | 線上看 | KKTV,https://www.kktv.me/titles/07000180
441,kkt,第一神拳-間柴VS木村 死刑執行 | 動漫線上看 | KKTV,https://www.kktv.me/titles/06001024
442,kkt,Re：從零開始的異世界生活 Memory Snow | 動漫免費線上看 | KKTV,https://www.kktv.me/titles/06000572
443,kkt,吸血鬼羅曼史 | 韓劇線上看 | KKTV,https://www.kktv.me/titles/09000855
444,kkt,喜歡上你的那瞬間 | 動漫線上看 | KKTV,https://www.kktv.me/titles/06001332
445,kkt,奶酪陷阱 | 韓劇線上看 | KKTV,https://www.kktv.me/titles/09000590
446,kkt,從好久以前就喜歡你 | 動漫線上看 | KKTV,https://www.kktv.me/titles/06001331
447,kkt,我裡面的那傢伙 | 韓劇線上看 | KKTV,https://www.kktv.me/titles/09000582
448,kkt,第一神拳特別篇：冠軍之路 | 動漫線上看 | KKTV,https://www.kktv.me/titles/06000971
449,kkt,我讓最想被擁抱的男人給威脅了 劇場版 西班牙篇 | 動漫線上看 | KKTV,https://www.kktv.me/titles/06001288
450,kkt,魔鬼天使 | 港劇線上看 | KKTV,https://www.kktv.me/titles/09000211
451,kkt,近距離戀愛 | 日劇線上看 | KKTV,https://www.kktv.me/titles/09001363
452,kkt,Love Live! 學園偶像電影 | 動漫免費線上看 | KKTV,https://www.kktv.me/titles/06000755
453,kkt,太空雞 | 免費線上看 | KKTV,https://www.kktv.me/titles/09000116
454,kkt,晚孃下部：罪色 | 線上看 | KKTV,https://www.kktv.me/titles/09000452
455,kkt,惡之華 | 日劇免費線上看 | KKTV,https://www.kktv.me/titles/09001315
456,kkt,(英) 奇蹟小雨燕 | 動漫線上看 | KKTV,https://www.kktv.me/titles/09001027
457,kkt,我的機器人女友 | 日劇線上看 | KKTV,https://www.kktv.me/titles/09000426
458,kkt,婚外情後我們重新戀愛了 | 韓劇線上看 | KKTV,https://www.kktv.me/titles/09001221
459,kkt,救贖 | 韓劇線上看 | KKTV,https://www.kktv.me/titles/09000863
460,kkt,天元突破 紅蓮螺巖 劇場版：紅蓮篇 | 動漫線上看 | KKTV,https://www.kktv.me/titles/06000861
461,kkt,迷宮物語 | 動漫免費線上看 | KKTV,https://www.kktv.me/titles/06001152
462,kkt,貓與桃花源 | 動漫線上看 | KKTV,https://www.kktv.me/titles/09001015
463,kkt,中國機長 | 陸劇線上看 | KKTV,https://www.kktv.me/titles/09000861
464,kkt,橘子醬男孩 | 日劇線上看 | KKTV,https://www.kktv.me/titles/09000632
465,kkt,告別夏日初戀 | 韓劇線上看 | KKTV,https://www.kktv.me/titles/09001016
466,kkt,鄰座的怪物同學 | 日劇線上看 | KKTV,https://www.kktv.me/titles/09000096
467,kkt,永遠的朋友：靈犬貝兒 | 免費線上看 | KKTV,https://www.kktv.me/titles/09000181
468,kkt,鳴鳥不飛：烏雲密布 | 動漫線上看 | KKTV,https://www.kktv.me/titles/09000848
469,kkt,新少林五祖 | 港劇免費線上看 | KKTV,https://www.kktv.me/titles/09000323
470,kkt,連體陰 | 線上看 | KKTV,https://www.kktv.me/titles/09001279
471,kkt,我出去醫下 | 免費線上看 | KKTV,https://www.kktv.me/titles/09001318
472,kkt,PSYCHO-PASS 心靈判官 Sinners of the System：Case.2 First Guardian | 動漫免費線上看 | KKTV,https://www.kktv.me/titles/06000559
473,kkt,無限春光27 | 港劇線上看 | KKTV,https://www.kktv.me/titles/09000538
474,kkt,女力全開 | 日劇線上看 | KKTV,https://www.kktv.me/titles/09000640
475,kkt,鹿鼎記II神龍教 | 港劇免費線上看 | KKTV,https://www.kktv.me/titles/09000875
476,kkt,女主角失格 | 日劇線上看 | KKTV,https://www.kktv.me/titles/09000400
477,kkt,呆萌特務 | 線上看 | KKTV,https://www.kktv.me/titles/09000115
478,kkt,PSYCHO-PASS 心靈判官 Sinners of the System：Case.3 恩仇的彼方 | 動漫免費線上看 | KKTV,https://www.kktv.me/titles/06000560
479,kkt,琴之森 | 動漫線上看 | KKTV,https://www.kktv.me/titles/06000574
480,kkt,解語花 | 韓劇線上看 | KKTV,https://www.kktv.me/titles/09000547
481,kkt,魔法水果籃-前奏曲- | 動漫線上看 | KKTV,https://www.kktv.me/titles/06001333
482,kkt,王的文字 | 韓劇線上看 | KKTV,https://www.kktv.me/titles/09001020
483,kkt,最美的相遇 | 線上看 | KKTV,https://www.kktv.me/titles/09000587
484,kkt,飆速宅男 劇場版 | 動漫線上看 | KKTV,https://www.kktv.me/titles/06000998
485,kkt,偷窺情人 | 日劇線上看 | KKTV,https://www.kktv.me/titles/09000448
486,kkt,完美嬌妻養成班 | 免費線上看 | KKTV,https://www.kktv.me/titles/09001323
487,kkt,華特 | 免費線上看 | KKTV,https://www.kktv.me/titles/09001196
488,kkt,鹿鼎記 | 港劇免費線上看 | KKTV,https://www.kktv.me/titles/09000874
489,kkt,龍的傳人 | 港劇免費線上看 | KKTV,https://www.kktv.me/titles/09000877
490,kkt,藥頭大媽 | 免費線上看 | KKTV,https://www.kktv.me/titles/09001192
491,kkt,黑幫生意 | 免費線上看 | KKTV,https://www.kktv.me/titles/09000297
492,kkt,蠟筆小新 劇場版：我和我的宇宙公主 | 動漫免費線上看 | KKTV,https://www.kktv.me/titles/06000247
493,kkt,雲南蟲谷 | 陸劇線上看 | KKTV,https://www.kktv.me/titles/09001122
494,kkt,醉後的浪漫 | 韓劇線上看 | KKTV,https://www.kktv.me/titles/09000594
495,kkt,今夜，我們無罪 | 免費線上看 | KKTV,https://www.kktv.me/titles/09000231
496,kkt,天使心 | 台劇線上看 | KKTV,https://www.kktv.me/titles/09000207
497,kkt,飆速宅男總集篇 ReROAD | 動漫線上看 | KKTV,https://www.kktv.me/titles/06001000
498,kkt,特別版 FREE! 男子游泳部 -Take Your Marks- | 動漫線上看 | KKTV,https://www.kktv.me/titles/09000798
499,kkt,魯邦三世 義大利遊戲 | 動漫免費線上看 | KKTV,https://www.kktv.me/titles/06000578
500,kkt,國民英雄 | 韓劇線上看 | KKTV,https://www.kktv.me/titles/09000829
501,kkt,鬼宿舍 | 線上看 | KKTV,https://www.kktv.me/titles/09001281
502,kkt,雙生薄荷 | 日劇線上看 | KKTV,https://www.kktv.me/titles/09000851
503,kkt,惡女花魁 | 日劇線上看 | KKTV,https://www.kktv.me/titles/09000586
504,kkt,我的冠軍老爸 | 韓劇線上看 | KKTV,https://www.kktv.me/titles/09000866
505,kkt,(日) 電影版櫻桃小丸子：來自義大利的少年 | 動漫線上看 | KKTV,https://www.kktv.me/titles/09000474
506,kkt,暗黑女子 | 日劇線上看 | KKTV,https://www.kktv.me/titles/09000467
507,kkt,鳴鳥不飛：Don't stay gold | 動漫線上看 | KKTV,https://www.kktv.me/titles/09000849
508,kkt,驚爆危機 總集篇 第一部：Boy meets girl | 動漫線上看 | KKTV,https://www.kktv.me/titles/06001061
509,kkt,謝幕 | 韓劇線上看 | KKTV,https://www.kktv.me/titles/09000711
510,kkt,香米小情歌 | 線上看 | KKTV,https://www.kktv.me/titles/09001139
511,kkt,我的情敵是冰箱 | 免費線上看 | KKTV,https://www.kktv.me/titles/09001312
512,kkt,驚爆危機 總集篇 第二部：One-night stand | 動漫線上看 | KKTV,https://www.kktv.me/titles/06001062
513,kkt,十萬分之一的愛情 | 線上看 | KKTV,https://www.kktv.me/titles/09000998
514,kkt,(英)伯尼小海豚2 | 線上看 | KKTV,https://www.kktv.me/titles/09001230
515,kkt,最後的德魯伊：加爾姆戰爭 | 日劇線上看 | KKTV,https://www.kktv.me/titles/09000613
516,kkt,黑金丑島君2：生存篇 | 日劇免費線上看 | KKTV,https://www.kktv.me/titles/09000153
517,kkt,飆速宅男總集篇 ReRIDE | 動漫線上看 | KKTV,https://www.kktv.me/titles/06000999
518,kkt,魯蛇騎士 | 日劇線上看 | KKTV,https://www.kktv.me/titles/09000619
519,kkt,她的東京應召週末 | 日劇線上看 | KKTV,https://www.kktv.me/titles/09000792
520,kkt,王牌巨猩 | 韓劇線上看 | KKTV,https://www.kktv.me/titles/09000409
521,kkt,愛，不愛 | 韓劇線上看 | KKTV,https://www.kktv.me/titles/09000937
522,kkt,從你的全世界路過 | 陸劇線上看 | KKTV,https://www.kktv.me/titles/09001072
523,kkt,親密陌生人 | 韓劇線上看 | KKTV,https://www.kktv.me/titles/09000581
524,kkt,戀愛腦內諮商室 | 日劇免費線上看 | KKTV,https://www.kktv.me/titles/09001320
525,kkt,六弄咖啡館 | 台劇線上看 | KKTV,https://www.kktv.me/titles/09000403
526,kkt,完美搭檔 | 韓劇線上看 | KKTV,https://www.kktv.me/titles/09000823
527,kkt,驚爆危機 總集篇 第三部：Into the blue | 動漫線上看 | KKTV,https://www.kktv.me/titles/06001063
528,kkt,詠鵝 | 韓劇免費線上看 | KKTV,https://www.kktv.me/titles/09001336
529,kkt,女優的告白 | 日劇線上看 | KKTV,https://www.kktv.me/titles/09000830
530,kkt,杯酒留痕 | 免費線上看 | KKTV,https://www.kktv.me/titles/09000289
531,kkt,愛的方法論 | 韓劇線上看 | KKTV,https://www.kktv.me/titles/09000911
532,kkt,名叫海賊的男人 | 日劇線上看 | KKTV,https://www.kktv.me/titles/09000629
533,kkt,私慾帳號 | 日劇線上看 | KKTV,https://www.kktv.me/titles/09001044
534,kkt,紫羅蘭永恆花園交響音樂會2021 | 日劇線上看 | KKTV,https://www.kktv.me/titles/09001427
535,kkt,美腿誘惑 | 日劇線上看 | KKTV,https://www.kktv.me/titles/09000934
536,kkt,再審 | 韓劇線上看 | KKTV,https://www.kktv.me/titles/09000628
537,kkt,夏目友人帳 特別上映版：喚石與可疑訪客 | 動漫免費線上看 | KKTV,https://www.kktv.me/titles/06000952
538,kkt,尋找心樂章 | 日劇免費線上看 | KKTV,https://www.kktv.me/titles/09000158
539,kkt,記憶誤區 | 免費線上看 | KKTV,https://www.kktv.me/titles/09001305
540,kkt,等待春天的我們 | 日劇線上看 | KKTV,https://www.kktv.me/titles/09000592
541,kkt,卜派小子 | 港劇免費線上看 | KKTV,https://www.kktv.me/titles/09000203
542,kkt,怒火追殺令 | 免費線上看 | KKTV,https://www.kktv.me/titles/09001190
543,kkt,魔法少女伊莉雅 百變嘉年華 | 動漫線上看 | KKTV,https://www.kktv.me/titles/06000507
544,kkt,何者 | 日劇線上看 | KKTV,https://www.kktv.me/titles/09000562
545,kkt,卡姆依之劍 | 動漫免費線上看 | KKTV,https://www.kktv.me/titles/06001151
546,kkt,Go Fish! 海底歷險記 | 免費線上看 | KKTV,https://www.kktv.me/titles/08000102
547,kkt,濁水漂流 | 港劇線上看 | KKTV,https://www.kktv.me/titles/09001435
548,kkt,彼岸島：Vampire Island | 日劇線上看 | KKTV,https://www.kktv.me/titles/09000563
549,kkt,唐人街1871 | 免費線上看 | KKTV,https://www.kktv.me/titles/09000243
550,kkt,空手道 | 港劇線上看 | KKTV,https://www.kktv.me/titles/09000569
551,kkt,我的女友是殺人鬼 | 日劇線上看 | KKTV,https://www.kktv.me/titles/09000795
552,kkt,五星物語 劇場版 | 動漫免費線上看 | KKTV,https://www.kktv.me/titles/06001150
553,kkt,銀河騎士傳劇場版  織愛之星 | 動漫線上看 | KKTV,https://www.kktv.me/titles/06001222
554,kkt,欲動 | 日劇線上看 | KKTV,https://www.kktv.me/titles/09000574
555,kkt,鍾無艷 | 港劇免費線上看 | KKTV,https://www.kktv.me/titles/09000878
556,kkt,魔法科高中的劣等生 追憶篇 | 動漫線上看 | KKTV,https://www.kktv.me/titles/06001252
557,kkt,替天行道之殺兄 | 港劇線上看 | KKTV,https://www.kktv.me/titles/09000049
558,kkt,手紙 | 日劇線上看 | KKTV,https://www.kktv.me/titles/09000408
559,kkt,辣媽女神 | 線上看 | KKTV,https://www.kktv.me/titles/09001037
560,kkt,BanG Dream! Film Live | 動漫免費線上看 | KKTV,https://www.kktv.me/titles/06000561
561,kkt,南方大作戰 | 韓劇線上看 | KKTV,https://www.kktv.me/titles/09001353
562,kkt,水星領航員 ARIA THE CREPUSCOLO | 動漫免費線上看 | KKTV,https://www.kktv.me/titles/06001025
563,kkt,妖怪手錶：永遠的朋友 | 日劇線上看 | KKTV,https://www.kktv.me/titles/09000084
564,kkt,我的傲嬌男友 | 日劇線上看 | KKTV,https://www.kktv.me/titles/09000645
565,kkt,五億探長雷洛傳I：雷老虎 | 港劇免費線上看 | KKTV,https://www.kktv.me/titles/09000940
566,kkt,奇怪的同居 | 韓劇線上看 | KKTV,https://www.kktv.me/titles/09000373
567,kkt,廢柴特攻隊 | 日劇線上看 | KKTV,https://www.kktv.me/titles/09000617
568,kkt,地獄哪有那麼HIGH | 日劇線上看 | KKTV,https://www.kktv.me/titles/09000419
569,kkt,拍色人生 | 韓劇免費線上看 | KKTV,https://www.kktv.me/titles/09000738
570,kkt,王牌保安官 | 韓劇線上看 | KKTV,https://www.kktv.me/titles/09000781
571,kkt,菜鳥衝浪日記 | 韓劇線上看 | KKTV,https://www.kktv.me/titles/09001018
572,kkt,反恐任務 | 韓劇線上看 | KKTV,https://www.kktv.me/titles/09001076
573,kkt,BEM 妖怪人類貝姆劇場版 -BECOME HUMAN- | 動漫免費線上看 | KKTV,https://www.kktv.me/titles/06000726
574,kkt,交錯的想念 | 動漫免費線上看 | KKTV,https://www.kktv.me/titles/06001290
575,kkt,太平天國 | 台劇免費線上看 | KKTV,https://www.kktv.me/titles/09000367
576,kkt,全境失控 | 日劇線上看 | KKTV,https://www.kktv.me/titles/09000991
577,kkt,魯邦三世 過去的監獄 | 動漫免費線上看 | KKTV,https://www.kktv.me/titles/06000651
578,kkt,殺人營 | 韓劇線上看 | KKTV,https://www.kktv.me/titles/09000716
579,kkt,今天也要用便當出擊 | 日劇線上看 | KKTV,https://www.kktv.me/titles/09000600
580,kkt,妖怪手錶：光影之卷 鬼王的復活 | 日劇線上看 | KKTV,https://www.kktv.me/titles/09000085
581,kkt,你的情歌 | 台劇線上看 | KKTV,https://www.kktv.me/titles/09000999
582,kkt,超時空要愛 | 港劇免費線上看 | KKTV,https://www.kktv.me/titles/09000077
583,kkt,一級機密 | 韓劇線上看 | KKTV,https://www.kktv.me/titles/09000668
584,kkt,詭憶 | 韓劇線上看 | KKTV,https://www.kktv.me/titles/09000931
585,kkt,賭俠大戰拉斯維加斯 | 港劇免費線上看 | KKTV,https://www.kktv.me/titles/09001200
586,kkt,黑金丑島君The Final：身世大解密 | 日劇線上看 | KKTV,https://www.kktv.me/titles/09000155
587,kkt,阿嬤的小公主 | 韓劇線上看 | KKTV,https://www.kktv.me/titles/09000658
588,kkt,衛斯理藍血人 | 港劇免費線上看 | KKTV,https://www.kktv.me/titles/09001201
589,kkt,非正義搜查 | 韓劇線上看 | KKTV,https://www.kktv.me/titles/09000564
590,kkt,分家風暴 | 免費線上看 | KKTV,https://www.kktv.me/titles/09000503
591,kkt,竊聽行動 | 韓劇線上看 | KKTV,https://www.kktv.me/titles/09000992
592,kkt,大叔之愛電影版 | 日劇線上看 | KKTV,https://www.kktv.me/titles/09000399
593,kkt,興夫：撼動朝鮮的文學家 | 韓劇線上看 | KKTV,https://www.kktv.me/titles/09000852
594,kkt,衝鋒戰士 劇場版：恐龍世代 | 韓劇免費線上看 | KKTV,https://www.kktv.me/titles/09000605
595,kkt,如月疑雲 | 日劇線上看 | KKTV,https://www.kktv.me/titles/09001267
596,kkt,快把我哥帶走 | 陸劇免費線上看 | KKTV,https://www.kktv.me/titles/09000236
597,kkt,怪物彈珠 THE MOVIE 路西法 絕望的黎明 | 動漫線上看 | KKTV,https://www.kktv.me/titles/06001030
598,kkt,BanG Dream! Episode of Roselia Ⅰ：約定 | 動漫免費線上看 | KKTV,https://www.kktv.me/titles/06001148
599,kkt,夢迴樂園 | 台劇免費線上看 | KKTV,https://www.kktv.me/titles/09000177
600,kkt,各懷鬼胎 | 韓劇線上看 | KKTV,https://www.kktv.me/titles/09001042
601,kkt,望夫成龍 | 港劇免費線上看 | KKTV,https://www.kktv.me/titles/09000873
602,kkt,中國龍 | 港劇免費線上看 | KKTV,https://www.kktv.me/titles/09000210
603,kkt,火燒島之橫行霸道 | 台劇免費線上看 | KKTV,https://www.kktv.me/titles/09000020
604,kkt,野店 | 港劇線上看 | KKTV,https://www.kktv.me/titles/09000199
605,kkt,血腥瑪麗 | 免費線上看 | KKTV,https://www.kktv.me/titles/09000500
606,kkt,15歲又一天 | 免費線上看 | KKTV,https://www.kktv.me/titles/09000285
607,kkt,噓八百 | 日劇線上看 | KKTV,https://www.kktv.me/titles/09000867
608,kkt,小資女孩奮鬥記：遊樂園的奇蹟 | 日劇線上看 | KKTV,https://www.kktv.me/titles/09001388
609,kkt,大鬧天竺 | 陸劇線上看 | KKTV,https://www.kktv.me/titles/09001062
610,kkt,金都 | 港劇線上看 | KKTV,https://www.kktv.me/titles/09000900
611,kkt,熱血刑警 | 韓劇線上看 | KKTV,https://www.kktv.me/titles/09000770
612,kkt,在時間停止的世界相遇 | 日劇線上看 | KKTV,https://www.kktv.me/titles/09001026
613,kkt,ARIA The BENEDIZIONE | 動漫免費線上看 | KKTV,https://www.kktv.me/titles/06001355
614,kkt,江湖最後一個大佬 | 港劇免費線上看 | KKTV,https://www.kktv.me/titles/09000070
615,kkt,成為母親之後 | 韓劇免費線上看 | KKTV,https://www.kktv.me/titles/09000162
616,kkt,飆速宅男特別篇 SPARE BIKE | 動漫線上看 | KKTV,https://www.kktv.me/titles/06000997
617,kkt,搶錢對決 | 韓劇線上看 | KKTV,https://www.kktv.me/titles/09000935
618,kkt,全員死刑 | 日劇線上看 | KKTV,https://www.kktv.me/titles/09000082
619,kkt,美麗之星 | 日劇線上看 | KKTV,https://www.kktv.me/titles/09000862
620,kkt,超時空之戰 | 韓劇線上看 | KKTV,https://www.kktv.me/titles/09000698
621,kkt,魯邦三世 再見了夥伴 | 動漫免費線上看 | KKTV,https://www.kktv.me/titles/06000606
622,kkt,我的獨裁者 | 韓劇線上看 | KKTV,https://www.kktv.me/titles/09001085
623,kkt,最後的日出 | 陸劇線上看 | KKTV,https://www.kktv.me/titles/09000978
624,kkt,劍奴 | 港劇線上看 | KKTV,https://www.kktv.me/titles/09000198
625,kkt,少年 | 陸劇線上看 | KKTV,https://www.kktv.me/titles/09001086
626,kkt,怪物們 | 韓劇線上看 | KKTV,https://www.kktv.me/titles/09000786
627,kkt,龍屢閣：無情都市 | 韓劇線上看 | KKTV,https://www.kktv.me/titles/09001034
628,kkt,誤入險境 | 韓劇線上看 | KKTV,https://www.kktv.me/titles/09000641
629,kkt,Fate/Grand Order-神聖圓桌領域卡美洛-Paladin; Agateram- | 動漫線上看 | KKTV,https://www.kktv.me/titles/06001270
630,kkt,客途秋恨 | 港劇免費線上看 | KKTV,https://www.kktv.me/titles/09000069
631,kkt,暴力的種子 | 韓劇線上看 | KKTV,https://www.kktv.me/titles/09000667
632,kkt,那個做對事的人自殺了 | 日劇免費線上看 | KKTV,https://www.kktv.me/titles/09001191
633,kkt,雪海 | 韓劇免費線上看 | KKTV,https://www.kktv.me/titles/09001240
634,kkt,逃學歪傳 | 台劇免費線上看 | KKTV,https://www.kktv.me/titles/09000195
635,kkt,忍者兵 | 台劇免費線上看 | KKTV,https://www.kktv.me/titles/09000018
636,kkt,我的爸爸是大明星 | 韓劇線上看 | KKTV,https://www.kktv.me/titles/09000364
637,kkt,妖鈴鈴 | 陸劇線上看 | KKTV,https://www.kktv.me/titles/09000424
638,kkt,花街羅曼死 | 日劇線上看 | KKTV,https://www.kktv.me/titles/09001010
639,kkt,黑金丑島君3：枷鎖篇 | 日劇免費線上看 | KKTV,https://www.kktv.me/titles/09000154
640,kkt,跛豪 | 港劇免費線上看 | KKTV,https://www.kktv.me/titles/09001115
641,kkt,黑玫瑰義結金蘭 | 港劇免費線上看 | KKTV,https://www.kktv.me/titles/09000016
642,kkt,人妻直播中 | 免費線上看 | KKTV,https://www.kktv.me/titles/09000506
643,kkt,瞞天過海 | 韓劇線上看 | KKTV,https://www.kktv.me/titles/09000665
644,kkt,幕後黑手 | 韓劇線上看 | KKTV,https://www.kktv.me/titles/09000662
645,kkt,不歸之路 | 韓劇線上看 | KKTV,https://www.kktv.me/titles/09000746
646,kkt,笨小孩 | 韓劇線上看 | KKTV,https://www.kktv.me/titles/09000702
647,kkt,烈日追殺 | 韓劇線上看 | KKTV,https://www.kktv.me/titles/09000744
648,kkt,狂野生死戀 | 港劇免費線上看 | KKTV,https://www.kktv.me/titles/09000078
649,kkt,緝毒鴛鴦 | 免費線上看 | KKTV,https://www.kktv.me/titles/09000184
650,kkt,新唐山大兄 | 港劇免費線上看 | KKTV,https://www.kktv.me/titles/09000048
651,kkt,禿鷹檔案 | 港劇免費線上看 | KKTV,https://www.kktv.me/titles/09000010
652,kkt,中毒練歌房 | 韓劇線上看 | KKTV,https://www.kktv.me/titles/09000664
653,kkt,不倫純愛 | 日劇線上看 | KKTV,https://www.kktv.me/titles/09000573
654,kkt,龍在少林 | 港劇免費線上看 | KKTV,https://www.kktv.me/titles/09000214
655,kkt,十兄弟 | 港劇免費線上看 | KKTV,https://www.kktv.me/titles/09000213
656,kkt,四分之一的愛 | 免費線上看 | KKTV,https://www.kktv.me/titles/09001292
657,kkt,小光 | 台劇線上看 | KKTV,https://www.kktv.me/titles/02000313
658,kkt,臭屁王 | 港劇免費線上看 | KKTV,https://www.kktv.me/titles/09000026
659,kkt,科努瓦耶 | 免費線上看 | KKTV,https://www.kktv.me/titles/09000286
660,kkt,100次的哭泣 | 日劇線上看 | KKTV,https://www.kktv.me/titles/09001375
661,kkt,殺妻嫌疑 | 韓劇線上看 | KKTV,https://www.kktv.me/titles/09001213
662,kkt,淒厲人僧 | 線上看 | KKTV,https://www.kktv.me/titles/09001357
663,kkt,薄櫻鬼SSL–Sweet School Life– 劇場版 | 日劇線上看 | KKTV,https://www.kktv.me/titles/09000117
664,kkt,乞丐王子 | 韓劇線上看 | KKTV,https://www.kktv.me/titles/09001048
665,kkt,大整形家 | 日劇線上看 | KKTV,https://www.kktv.me/titles/09001314
666,kkt,高山上的熱氣球 | 台劇免費線上看 | KKTV,https://www.kktv.me/titles/09001329
667,kkt,與爺爺的幸福時光 | 韓劇線上看 | KKTV,https://www.kktv.me/titles/09000598
668,kkt,妳們這群麻煩的傢伙！ | 日劇免費線上看 | KKTV,https://www.kktv.me/titles/09000374
669,kkt,黑金丑島君1：慾望篇 | 日劇免費線上看 | KKTV,https://www.kktv.me/titles/09000152
670,kkt,紅樓夢 | 台劇線上看 | KKTV,https://www.kktv.me/titles/09000799
671,kkt,刺青 | 韓劇線上看 | KKTV,https://www.kktv.me/titles/09000715
672,kkt,輝煌年代 | 線上看 | KKTV,https://www.kktv.me/titles/09000542
673,kkt,往日無足可惜 | 韓劇免費線上看 | KKTV,https://www.kktv.me/titles/09000762
674,kkt,一步一步的愛 | 日劇免費線上看 | KKTV,https://www.kktv.me/titles/09001317
675,kkt,火爆小子 | 韓劇線上看 | KKTV,https://www.kktv.me/titles/09000730
676,kkt,媽閣是座城 | 陸劇線上看 | KKTV,https://www.kktv.me/titles/09000778
677,kkt,天生絕配 | 台劇免費線上看 | KKTV,https://www.kktv.me/titles/09000044
678,kkt,只要為你活一天 | 台劇免費線上看 | KKTV,https://www.kktv.me/titles/09001251
679,kkt,翠絲 | 港劇線上看 | KKTV,https://www.kktv.me/titles/09000583
680,kkt,G殺事件 | 港劇線上看 | KKTV,https://www.kktv.me/titles/09000853
681,kkt,殭屍翻生 | 港劇免費線上看 | KKTV,https://www.kktv.me/titles/09000045
682,kkt,極端自由 | 線上看 | KKTV,https://www.kktv.me/titles/09001300
683,kkt,心靈咖啡館的驅魔師 | 日劇免費線上看 | KKTV,https://www.kktv.me/titles/09001310
684,kkt,跟爺爺說再見 | 日劇線上看 | KKTV,https://www.kktv.me/titles/09000839
685,kkt,售命 | 台劇免費線上看 | KKTV,https://www.kktv.me/titles/09001396
686,kkt,人家才不是天使！ | 日劇線上看 | KKTV,https://www.kktv.me/titles/09000806
687,kkt,(韓) 魔王的女兒 | 韓劇線上看 | KKTV,https://www.kktv.me/titles/09000325
688,kkt,麻雀飛龍 | 港劇免費線上看 | KKTV,https://www.kktv.me/titles/09000015
689,kkt,搞釘修車公司 | 韓劇線上看 | KKTV,https://www.kktv.me/titles/09001080
690,kkt,狄仁杰之冥神契約 | 陸劇免費線上看 | KKTV,https://www.kktv.me/titles/09001333
691,kkt,五湖四海 | 台劇免費線上看 | KKTV,https://www.kktv.me/titles/09000193
692,kkt,棋靈王特別篇：邁向北斗盃之路 | 動漫線上看 | KKTV,https://www.kktv.me/titles/06000678
693,kkt,聖☆哥傳：第III紀 | 日劇線上看 | KKTV,https://www.kktv.me/titles/09000469
694,kkt,好想去你的世界愛你 | 陸劇免費線上看 | KKTV,https://www.kktv.me/titles/09001331
695,kkt,戀愛恐慌症 | 台劇免費線上看 | KKTV,https://www.kktv.me/titles/09001181
696,kkt,每一張臉都有一個名字 | 免費線上看 | KKTV,https://www.kktv.me/titles/09000268
697,kkt,12.12.12 | 線上看 | KKTV,https://www.kktv.me/titles/09000494
698,kkt,狂野三千響 | 港劇免費線上看 | KKTV,https://www.kktv.me/titles/09000064
699,kkt,英格麗·褒曼vs安娜·麥蘭妮 | 免費線上看 | KKTV,https://www.kktv.me/titles/09000270
700,kkt,阿松～希皮波族與閃耀果實～ | 動漫線上看 | KKTV,https://www.kktv.me/titles/06001399
701,kkt,我和他都是新郎。 | 日劇線上看 | KKTV,https://www.kktv.me/titles/01000552
702,kkt,阿嬰 | 港劇免費線上看 | KKTV,https://www.kktv.me/titles/09000068
703,kkt,火焰中的星空 | 台劇免費線上看 | KKTV,https://www.kktv.me/titles/09001311
704,kkt,藍色天空 | 韓劇線上看 | KKTV,https://www.kktv.me/titles/09000726
705,kkt,交友網戰 | 線上看 | KKTV,https://www.kktv.me/titles/09000647
706,kkt,靈界基友1．字靈 | 陸劇免費線上看 | KKTV,https://www.kktv.me/titles/09000980
707,kkt,勝者為王 | 韓劇線上看 | KKTV,https://www.kktv.me/titles/09000718
708,kkt,四大天王 | 港劇免費線上看 | KKTV,https://www.kktv.me/titles/09000011
709,kkt,龍屢閣2：眾神之夜 | 韓劇線上看 | KKTV,https://www.kktv.me/titles/09001036
710,kkt,追男仔 | 港劇免費線上看 | KKTV,https://www.kktv.me/titles/09000200
711,kkt,夜之舟 | 免費線上看 | KKTV,https://www.kktv.me/titles/09000295
712,kkt,藤條 | 韓劇免費線上看 | KKTV,https://www.kktv.me/titles/09000759
713,kkt,浪浪好朋友 | 日劇線上看 | KKTV,https://www.kktv.me/titles/09001438
714,kkt,狗蛋大兵 | 台劇免費線上看 | KKTV,https://www.kktv.me/titles/09000035
715,kkt,鬼影敲門 | 韓劇線上看 | KKTV,https://www.kktv.me/titles/09000689
716,kkt,說唱藝人：希望之聲 | 韓劇免費線上看 | KKTV,https://www.kktv.me/titles/09001325
717,kkt,絕命時刻 | 韓劇線上看 | KKTV,https://www.kktv.me/titles/09000703
718,kkt,聖☆哥傳：第II紀 | 日劇線上看 | KKTV,https://www.kktv.me/titles/09000468
719,kkt,麵包超人電影版：軟綿綿與雲之國 | 日劇線上看 | KKTV,https://www.kktv.me/titles/08000190
720,kkt,四海流雲 | 陸劇免費線上看 | KKTV,https://www.kktv.me/titles/09000607
721,kkt,大餓 | 台劇線上看 | KKTV,https://www.kktv.me/titles/09000965
722,kkt,成王之路2 | 韓劇線上看 | KKTV,https://www.kktv.me/titles/09000771
723,kkt,找到你 | 陸劇線上看 | KKTV,https://www.kktv.me/titles/09001130
724,kkt,超感覺情侶 | 韓劇免費線上看 | KKTV,https://www.kktv.me/titles/09000709
725,kkt,上海1920 | 免費線上看 | KKTV,https://www.kktv.me/titles/09000023
726,kkt,離留德黑蘭 | 免費線上看 | KKTV,https://www.kktv.me/titles/09001164
727,kkt,神仙代言人 | 陸劇免費線上看 | KKTV,https://www.kktv.me/titles/07000082
728,kkt,摩登共和國 | 台劇免費線上看 | KKTV,https://www.kktv.me/titles/09001250
729,kkt,我們沒有明天 | 韓劇線上看 | KKTV,https://www.kktv.me/titles/09000700
730,kkt,你是我的吸血鬼 | 韓劇線上看 | KKTV,https://www.kktv.me/titles/09000691
731,kkt,實習刑警 吳見識 | 韓劇線上看 | KKTV,https://www.kktv.me/titles/09000731
732,kkt,街舞狂潮 | 台劇線上看 | KKTV,https://www.kktv.me/titles/07000041
733,kkt,少女佳禾 | 陸劇免費線上看 | KKTV,https://www.kktv.me/titles/09001402
734,kkt,俠盜正傳 | 台劇免費線上看 | KKTV,https://www.kktv.me/titles/09000216
735,kkt,阿呆 | 台劇免費線上看 | KKTV,https://www.kktv.me/titles/09000192
736,kkt,星光王子 星光時尚秀 BSET10 | 動漫線上看 | KKTV,https://www.kktv.me/titles/06000805
737,kkt,時代廢城 | 陸劇免費線上看 | KKTV,https://www.kktv.me/titles/07000016
738,kkt,阿SAM | 陸劇免費線上看 | KKTV,https://www.kktv.me/titles/07000092
739,kkt,正牌香蕉俱樂部 | 港劇免費線上看 | KKTV,https://www.kktv.me/titles/09000058
740,kkt,尋找五金 | 台劇免費線上看 | KKTV,https://www.kktv.me/titles/07000198
741,kkt,鬼魅之家 | 線上看 | KKTV,https://www.kktv.me/titles/09000175
742,kkt,老莫的第二個春天 | 台劇免費線上看 | KKTV,https://www.kktv.me/titles/09000003
743,kkt,祖孫情 | 台劇免費線上看 | KKTV,https://www.kktv.me/titles/09000208
744,kkt,玩火 | 港劇免費線上看 | KKTV,https://www.kktv.me/titles/09000059
745,kkt,音樂人生 | 港劇線上看 | KKTV,https://www.kktv.me/titles/07000040
746,kkt,桃花小霸王 | 陸劇免費線上看 | KKTV,https://www.kktv.me/titles/09000222
747,kkt,龍飛鳳舞 | 台劇免費線上看 | KKTV,https://www.kktv.me/titles/09001238
748,kkt,對看 | 陸劇免費線上看 | KKTV,https://www.kktv.me/titles/07000010
749,kkt,青眼虎李雲 | 陸劇免費線上看 | KKTV,https://www.kktv.me/titles/09000229
750,kkt,風沙線上 | 陸劇免費線上看 | KKTV,https://www.kktv.me/titles/07000086
751,kkt,明日之星 | 台劇免費線上看 | KKTV,https://www.kktv.me/titles/09000322
752,kkt,我叫梁山伯 | 台劇免費線上看 | KKTV,https://www.kktv.me/titles/02000299
753,kkt,和祖先一起唱歌 | 陸劇免費線上看 | KKTV,https://www.kktv.me/titles/07000091
754,kkt,八番坑口的新娘 | 台劇免費線上看 | KKTV,https://www.kktv.me/titles/09000002
755,kkt,壞傢伙 | 韓劇線上看 | KKTV,https://www.kktv.me/titles/09000756
756,kkt,給19歲的我自己 | 陸劇免費線上看 | KKTV,https://www.kktv.me/titles/09000178
757,kkt,舞力決戰 | 免費線上看 | KKTV,https://www.kktv.me/titles/09001316
758,kkt,代號：馬尼亞尼塔 | 免費線上看 | KKTV,https://www.kktv.me/titles/09001294
759,kkt,跑酷少年 | 陸劇免費線上看 | KKTV,https://www.kktv.me/titles/07000015
760,kkt,我的蛋男情人 | 台劇線上看 | KKTV,https://www.kktv.me/titles/09000425
761,kkt,追擊人生 | 免費線上看 | KKTV,https://www.kktv.me/titles/09000269
762,kkt,女學生與流氓鬼 | 台劇免費線上看 | KKTV,https://www.kktv.me/titles/09000036
763,kkt,台北愛情故事 | 台劇免費線上看 | KKTV,https://www.kktv.me/titles/09000032
764,kkt,紫色風雨夜 | 港劇免費線上看 | KKTV,https://www.kktv.me/titles/09000041
765,kkt,迷路 | 韓劇線上看 | KKTV,https://www.kktv.me/titles/09000727
766,kkt,城市判官 | 港劇免費線上看 | KKTV,https://www.kktv.me/titles/09000067
767,kkt,乾旦路 | 港劇線上看 | KKTV,https://www.kktv.me/titles/07000039
768,kkt,大蛇王 | 台劇免費線上看 | KKTV,https://www.kktv.me/titles/09000040
769,kkt,誰在山上唱歌 | 台劇免費線上看 | KKTV,https://www.kktv.me/titles/07000261
770,kkt,光的孩子 | 台劇免費線上看 | KKTV,https://www.kktv.me/titles/02000364
771,kkt,星月無盡 | 台劇免費線上看 | KKTV,https://www.kktv.me/titles/09001400
772,kkt,戀戀海灣 | 台劇線上看 | KKTV,https://www.kktv.me/titles/09001393
773,kkt,睡在我上舖的兄弟 | 陸劇線上看 | KKTV,https://www.kktv.me/titles/09000630
774,kkt,我在快打求旋風 | 日劇免費線上看 | KKTV,https://www.kktv.me/titles/07000083
775,kkt,你在清淺年光時 | 陸劇免費線上看 | KKTV,https://www.kktv.me/titles/09000985
776,kkt,為愛做的一切 | 免費線上看 | KKTV,https://www.kktv.me/titles/09000291
777,kkt,大桔大利 闔家平安 | 台劇免費線上看 | KKTV,https://www.kktv.me/titles/02000363
778,kkt,恁 | 台劇免費線上看 | KKTV,https://www.kktv.me/titles/07000269
779,kkt,檔案X殺人犯 | 港劇免費線上看 | KKTV,https://www.kktv.me/titles/09000047
780,kkt,長假 | 台劇免費線上看 | KKTV,https://www.kktv.me/titles/02000269
781,kkt,晴空碎玻璃 | 陸劇免費線上看 | KKTV,https://www.kktv.me/titles/09000986
782,kkt,濱線的十張繪葉書 | 台劇免費線上看 | KKTV,https://www.kktv.me/titles/07000268
783,kkt,少年吉美 | 陸劇免費線上看 | KKTV,https://www.kktv.me/titles/07000012
784,kkt,慢吞吞小學 | 台劇免費線上看 | KKTV,https://www.kktv.me/titles/09000387
785,kkt,到不了的地方 | 台劇免費線上看 | KKTV,https://www.kktv.me/titles/09000169
786,kkt,愛與別離的夏威夷 | 日劇線上看 | KKTV,https://www.kktv.me/titles/09000092
787,kkt,老公不是人 | 韓劇線上看 | KKTV,https://www.kktv.me/titles/09000959
788,kkt,Bra太子 | 台劇線上看 | KKTV,https://www.kktv.me/titles/09000497
789,kkt,只想比你多活一天 | 台劇免費線上看 | KKTV,https://www.kktv.me/titles/02000280
790,kkt,終極舞班 | 台劇線上看 | KKTV,https://www.kktv.me/titles/09000833
791,kkt,神鷹的陰影 | 線上看 | KKTV,https://www.kktv.me/titles/07000193
792,kkt,握三下，我愛你 | 台劇線上看 | KKTV,https://www.kktv.me/titles/09000803
793,kkt,我的爸爸是流氓 | 台劇免費線上看 | KKTV,https://www.kktv.me/titles/02000275
794,kkt,名偵探柯南：緋色的不在場證明 | 動漫線上看 | KKTV,https://www.kktv.me/titles/06001265
795,kkt,為你寫詩 | 陸劇線上看 | KKTV,https://www.kktv.me/titles/09000642
796,kkt,教改學堂 | 台劇線上看 | KKTV,https://www.kktv.me/titles/07000021
797,kkt,阿爾及利亞天空下 | 免費線上看 | KKTV,https://www.kktv.me/titles/09001168
798,kkt,靠北少女 | 日劇線上看 | KKTV,https://www.kktv.me/titles/09000857
799,kkt,聖人大盜 | 台劇線上看 | KKTV,https://www.kktv.me/titles/09000470
800,kkt,南風。六堆–月光森林 | 台劇免費線上看 | KKTV,https://www.kktv.me/titles/02000125
801,kkt,一念 | 台劇線上看 | KKTV,https://www.kktv.me/titles/09000976
